Well,Omit,Sample,Target,Task,Dyes,Cq,Cq Conf,Amp Score,Amp Status,Annotated,Baseline Start,Baseline End,Tm1,Tm2,Tm3,Tm4,Curve Quality,Result Quality Issues
A1,false,138,DHH,Unknown,SYBR,Undetermined,0,,No Amp,false,3,39,88.05229187011719,91.87760162353516,85.41100311279297,82.67863464355469,,
A2,false,138,DHH,Unknown,SYBR,Undetermined,0,,No Amp,false,3,39,85.86639404296875,76.30311584472656,72.56888580322266,79.76411437988281,,
A3,false,138,DHH,Unknown,SYBR,Undetermined,0,,No Amp,false,3,39,85.41100311279297,72.65995788574219,93.06163024902344,77.39606475830078,,
A4,false,139,DHH,Unknown,SYBR,Undetermined,0,,No Amp,false,3,39,87.05042266845703,72.2045669555664,83.04295349121094,77.57821655273438,,
A5,false,139,DHH,Unknown,SYBR,Undetermined,0,,No Amp,false,3,39,85.13604736328125,87.95925903320312,89.96282958984375,81.31103515625,,
A6,false,139,DHH,Unknown,SYBR,Undetermined,0,,No Amp,false,3,39,89.50747680664062,91.51104736328125,75.027099609375,81.219970703125,,
A7,false,140,DHH,Unknown,SYBR,Undetermined,0,,No Amp,false,3,39,87.50390625,93.69676208496094,91.69319152832031,61.27530288696289,,
A8,false,140,DHH,Unknown,SYBR,Undetermined,0,,No Amp,false,3,39,87.8681869506836,89.87176513671875,75.39138793945312,65.2824478149414,,
A9,false,140,DHH,Unknown,SYBR,Undetermined,0,,No Amp,false,3,39,93.29071044921875,85.923095703125,78.00972747802734,72.6431884765625,,
A10,false,141,DHH,Unknown,SYBR,Undetermined,0,,No Amp,false,3,39,86.92362976074219,71.82456970214844,81.55709838867188,76.73631286621094,,
A11,false,141,DHH,Unknown,SYBR,Undetermined,0,,No Amp,false,3,39,87.37842559814453,62.092037200927734,73.09798431396484,82.19380187988281,,
A12,false,141,DHH,Unknown,SYBR,Undetermined,0,,No Amp,false,3,39,74.91714477539062,86.01405334472656,82.64859771728516,71.82456970214844,,
A13,false,142,DHH,Unknown,SYBR,Undetermined,0,,No Amp,false,3,39,85.92733001708984,88.65652465820312,72.46331024169922,69.73412322998047,,
A14,false,142,DHH,Unknown,SYBR,Undetermined,0,,No Amp,false,3,39,84.47176361083984,90.56695556640625,78.19461822509766,81.56062316894531,,
A15,false,142,DHH,Unknown,SYBR,Undetermined,0,,No Amp,false,3,39,77.46683502197266,91.56766510009766,90.0211181640625,79.92311096191406,,
A16,false,143,DHH,Unknown,SYBR,Undetermined,0,,No Amp,false,3,39,88.65652465820312,79.01337432861328,91.29474639892578,64.36670684814453,,
A17,false,143,DHH,Unknown,SYBR,Undetermined,0,,No Amp,false,3,39,92.96354675292969,88.50160217285156,84.76813507080078,63.7332649230957,,
A18,false,143,DHH,Unknown,SYBR,Undetermined,0,,No Amp,false,3,39,77.48332977294922,86.49827575683594,62.36736297607422,80.6704330444336,,
A19,false,144,DHH,Unknown,SYBR,Undetermined,0,,No Amp,false,3,39,83.85753631591797,81.6720962524414,86.6803970336914,71.74655151367188,,
A20,false,144,DHH,Unknown,SYBR,Undetermined,0,,No Amp,false,3,39,77.02803039550781,66.100830078125,94.05625915527344,71.20018768310547,,
A21,false,144,DHH,Unknown,SYBR,Undetermined,0,,No Amp,false,3,39,84.60250854492188,93.16789245605469,89.43193054199219,74.76142883300781,,
A22,false,145,DHH,Unknown,SYBR,Undetermined,0,,No Amp,false,3,39,92.16556549072266,85.2403564453125,78.49739074707031,81.32215118408203,,
A23,false,145,DHH,Unknown,SYBR,Undetermined,0,,No Amp,false,3,39,88.06510925292969,74.76142883300781,92.43892669677734,76.94833374023438,,
A24,false,145,DHH,Unknown,SYBR,Undetermined,0,,No Amp,false,3,39,80.86654663085938,77.95066833496094,85.7870864868164,74.48806762695312,,
B1,false,138,EGR2,Unknown,SYBR,Undetermined,0,,No Amp,false,3,39,84.40913391113281,63.096683502197266,77.39606475830078,71.38485717773438,,
B2,false,138,EGR2,Unknown,SYBR,Undetermined,0,,No Amp,false,3,39,90.51141357421875,75.11909484863281,71.38485717773438,92.78839111328125,,
B3,false,138,EGR2,Unknown,SYBR,Undetermined,0,,No Amp,false,3,39,84.04481506347656,91.60436248779297,86.77718353271484,93.88133239746094,,
B4,false,139,EGR2,Unknown,SYBR,Undetermined,0,,No Amp,false,3,39,82.13216400146484,79.76411437988281,86.8682632446289,69.56327819824219,,
B5,false,139,EGR2,Unknown,SYBR,Undetermined,0,,No Amp,false,3,39,67.92352294921875,83.86103820800781,86.50211334228516,90.50926208496094,,
B6,false,139,EGR2,Unknown,SYBR,Undetermined,0,,No Amp,false,3,39,85.86461639404297,90.69140625,70.83781433105469,80.40032196044922,,
B7,false,140,EGR2,Unknown,SYBR,Undetermined,0,,No Amp,false,3,39,68.7431640625,71.38423919677734,92.2396240234375,78.12353515625,,
B8,false,140,EGR2,Unknown,SYBR,Undetermined,0,,No Amp,false,3,39,77.75924682617188,81.76639556884766,86.95747375488281,91.69319152832031,,
B9,false,140,EGR2,Unknown,SYBR,Undetermined,0,,No Amp,false,3,39,77.28205871582031,66.82186889648438,71.82456970214844,74.007568359375,,
B10,false,141,EGR2,Unknown,SYBR,Undetermined,0,,No Amp,false,3,39,73.91661071777344,71.0969009399414,93.01783752441406,90.65292358398438,,
B11,false,141,EGR2,Unknown,SYBR,Undetermined,0,,No Amp,false,3,39,61.72820281982422,64.18407440185547,72.46127319335938,77.82781219482422,,
B12,false,141,EGR2,Unknown,SYBR,Undetermined,0,,No Amp,false,3,39,62.00107955932617,64.27503204345703,77.37301635742188,87.56034088134766,,
B13,false,142,EGR2,Unknown,SYBR,Undetermined,0,,No Amp,false,3,39,67.82368469238281,89.93014526367188,85.65441131591797,74.55569458007812,,
B14,false,142,EGR2,Unknown,SYBR,Undetermined,0,,No Amp,false,3,39,92.65934753417969,87.01901245117188,84.2898178100586,89.93014526367188,,
B15,false,142,EGR2,Unknown,SYBR,Undetermined,0,,No Amp,false,3,39,87.29193115234375,70.64385223388672,75.37445068359375,92.84129333496094,,
B16,false,143,EGR2,Unknown,SYBR,32.87911043512768,0.728705826389227,,Inconclusive,false,3,31,86.56414794921875,82.65229797363281,78.19461822509766,68.73341369628906,,
B17,false,143,EGR2,Unknown,SYBR,Undetermined,0,,No Amp,false,3,39,64.18856811523438,80.30619812011719,73.84092712402344,71.109130859375,,
B18,false,143,EGR2,Unknown,SYBR,Undetermined,0,,No Amp,false,3,39,87.31781768798828,73.74987030029297,91.14234161376953,64.46174621582031,,
B19,false,144,EGR2,Unknown,SYBR,Undetermined,0,,No Amp,false,3,39,82.03633117675781,86.49827575683594,80.21513366699219,77.75651550292969,,
B20,false,144,EGR2,Unknown,SYBR,Undetermined,0,,No Amp,false,3,39,86.49827575683594,82.21845245361328,89.41220092773438,93.05459594726562,,
B21,false,144,EGR2,Unknown,SYBR,Undetermined,0,,No Amp,false,3,39,78.13290405273438,90.3431396484375,66.10491943359375,68.74742889404297,,
B22,false,145,EGR2,Unknown,SYBR,Undetermined,0,,No Amp,false,3,39,90.52538299560547,85.05811309814453,87.24502563476562,80.22869873046875,,
B23,false,145,EGR2,Unknown,SYBR,Undetermined,0,,No Amp,false,3,39,92.71229553222656,90.52538299560547,83.78241729736328,86.97166442871094,,
B24,false,145,EGR2,Unknown,SYBR,Undetermined,0,,No Amp,false,3,39,86.607177734375,93.0767822265625,73.94133758544922,84.78475189208984,,
C1,false,138,GAP43,Unknown,SYBR,23.62444169500671,0.9726793717162254,2.742015763120325,Amp,false,3,17,83.9537353515625,,,,,
C2,false,138,GAP43,Unknown,SYBR,23.540319185684574,0.9665521320216343,2.7322093861355823,Amp,false,3,14,83.9537353515625,,,,,
C3,false,138,GAP43,Unknown,SYBR,23.956866698047243,0.9949679511673021,2.6960061258174175,Amp,false,3,16,83.9537353515625,,,,,
C4,false,139,GAP43,Unknown,SYBR,25.63723989835325,0.9833902466107192,2.5794531695046734,Amp,false,3,17,84.04481506347656,,,,,
C5,false,139,GAP43,Unknown,SYBR,24.315716871193487,0.9490092798235442,2.773143191717473,Amp,false,3,17,84.04318237304688,,,,,
C6,false,139,GAP43,Unknown,SYBR,24.377668092300823,0.9461087161724961,2.731366872162076,Amp,false,3,20,83.95211029052734,,,,,
C7,false,140,GAP43,Unknown,SYBR,27.67369884033965,0.3466024522823792,2.6298982556615376,Amp,false,3,32,84.1342544555664,,,,,
C8,false,140,GAP43,Unknown,SYBR,24.249795549629887,0.8746100115762746,2.6915222019172576,Amp,false,3,19,84.04318237304688,,,,,
C9,false,140,GAP43,Unknown,SYBR,23.945084930621483,0.9110115777975833,2.7213810921060073,Amp,false,3,19,84.01296997070312,,,,,
C10,false,141,GAP43,Unknown,SYBR,24.840133080273198,0.8960859067090987,2.6967689020394676,Amp,false,3,18,84.10392761230469,,,,,
C11,false,141,GAP43,Unknown,SYBR,24.66124981637934,0.9004813014185591,2.7024335551367287,Amp,false,3,20,84.10392761230469,,,,,
C12,false,141,GAP43,Unknown,SYBR,24.99114160439362,0.9266710687622186,2.6915998021843075,Amp,false,3,19,84.10392761230469,,,,,
C13,false,142,GAP43,Unknown,SYBR,22.079792562809704,0.41603804830011076,2.722835906651477,Amp,false,3,24,84.10787200927734,,,,,
C14,false,142,GAP43,Unknown,SYBR,20.661702056882838,0.7837689101563678,2.723692891167588,Amp,false,3,13,84.10787200927734,,,,,
C15,false,142,GAP43,Unknown,SYBR,20.674646054066756,0.8058803960863493,2.7244109165280017,Amp,false,3,15,84.01689910888672,,,,,
C16,false,143,GAP43,Unknown,SYBR,22.704541000160383,0.8501915464656593,2.6793843082809743,Amp,false,3,16,84.10787200927734,,,,,
C17,false,143,GAP43,Unknown,SYBR,17.558076557045656,0.09217816099671315,2.658244535608025,Amp,false,3,12,84.1307144165039,,,,,
C18,false,143,GAP43,Unknown,SYBR,22.63657376202621,0.8744230420205384,2.688666901741473,Amp,false,3,17,84.03965759277344,,,,,
C19,false,144,GAP43,Unknown,SYBR,20.755280900348907,0.7834195355885827,2.65111500435624,Amp,false,3,14,84.03965759277344,,,,,
C20,false,144,GAP43,Unknown,SYBR,20.567955024906546,0.7967198411438627,2.6709769169817497,Amp,false,3,13,84.03965759277344,,,,,
C21,false,144,GAP43,Unknown,SYBR,20.435997272408827,0.7771311919963023,2.6510767836432807,Amp,false,3,12,83.96466064453125,,,,,
C22,false,145,GAP43,Unknown,SYBR,24.648787746497838,0.9181881448975768,2.702365691238018,Amp,false,3,17,84.14690399169922,,,,,
C23,false,145,GAP43,Unknown,SYBR,24.705706181828916,0.9548287655082308,2.6962924105684687,Amp,false,3,17,84.14690399169922,,,,,
C24,false,145,GAP43,Unknown,SYBR,24.60676258761424,0.960427312603453,2.706001744636927,Amp,false,3,17,84.14690399169922,,,,,
D1,false,138,MBP,Unknown,SYBR,Undetermined,0,,No Amp,false,3,39,89.14523315429688,86.230712890625,62.64128875732422,75.48340606689453,,
D2,false,138,MBP,Unknown,SYBR,Undetermined,0,,No Amp,false,3,39,86.50395202636719,89.50955200195312,92.24191284179688,68.01493835449219,,
D3,false,138,MBP,Unknown,SYBR,Undetermined,0,,No Amp,false,3,39,63.64315414428711,91.7865219116211,86.32179260253906,70.9294662475586,,
D4,false,139,MBP,Unknown,SYBR,Undetermined,0,,No Amp,false,3,39,85.95747375488281,65.5558090209961,89.60063171386719,69.74543762207031,,
D5,false,139,MBP,Unknown,SYBR,Undetermined,0,1.499596715823864,No Amp,false,3,39,89.59854888916016,63.64316177368164,78.66996765136719,73.47888946533203,,
D6,false,139,MBP,Unknown,SYBR,Undetermined,0,,No Amp,false,3,39,85.6824722290039,73.84317016601562,79.12532043457031,75.48246002197266,,
D7,false,140,MBP,Unknown,SYBR,Undetermined,0,,No Amp,false,3,39,82.58604431152344,86.68425750732422,67.74137878417969,69.74495697021484,,
D8,false,140,MBP,Unknown,SYBR,Undetermined,0,,No Amp,false,3,39,85.9556884765625,63.55208969116211,89.78068542480469,78.57888793945312,,
D9,false,140,MBP,Unknown,SYBR,Undetermined,0,,No Amp,false,3,39,72.55223083496094,86.19596862792969,67.82240295410156,91.38058471679688,,
D10,false,141,MBP,Unknown,SYBR,Undetermined,0,,No Amp,false,3,39,69.27774047851562,65.7303695678711,72.6431884765625,77.82781219482422,,
D11,false,141,MBP,Unknown,SYBR,Undetermined,0,,No Amp,false,3,39,65.639404296875,86.74171447753906,81.28422546386719,67.64048767089844,,
D12,false,141,MBP,Unknown,SYBR,Undetermined,0,,No Amp,false,3,39,72.00648498535156,65.54844665527344,84.92255401611328,81.37518310546875,,
D13,false,142,MBP,Unknown,SYBR,Undetermined,0,,No Amp,false,3,39,83.01618957519531,79.37727355957031,77.55780792236328,68.36952209472656,,
D14,false,142,MBP,Unknown,SYBR,Undetermined,0,,No Amp,false,3,39,72.46331024169922,77.19391632080078,74.28277587890625,64.82157135009766,,
D15,false,142,MBP,Unknown,SYBR,Undetermined,0,,No Amp,false,3,39,62.365299224853516,69.64315032958984,86.3822021484375,72.82720947265625,,
D16,false,143,MBP,Unknown,SYBR,Undetermined,0,,No Amp,false,3,39,87.29193115234375,68.18757629394531,77.6487808227539,65.91325378417969,,
D17,false,143,MBP,Unknown,SYBR,Undetermined,0,,No Amp,false,3,39,65.73658752441406,68.0130844116211,86.77145385742188,62.185245513916016,,
D18,false,143,MBP,Unknown,SYBR,Undetermined,0,,No Amp,false,3,39,85.13237762451172,68.1041488647461,72.11078643798828,62.91372299194336,,
D19,false,144,MBP,Unknown,SYBR,Undetermined,0,,No Amp,false,3,39,75.20683288574219,68.37732696533203,83.85753631591797,81.6720962524414,,
D20,false,144,MBP,Unknown,SYBR,Undetermined,0,,No Amp,false,3,39,78.94029235839844,82.40057373046875,74.66046905517578,72.01972961425781,,
D21,false,144,MBP,Unknown,SYBR,Undetermined,0,,No Amp,false,3,39,78.77075958251953,82.96232604980469,62.18670654296875,68.65631103515625,,
D22,false,145,MBP,Unknown,SYBR,Undetermined,0,,No Amp,false,3,39,87.791748046875,81.77775573730469,66.28716278076172,93.16789245605469,,
D23,false,145,MBP,Unknown,SYBR,Undetermined,0,,No Amp,false,3,39,72.84788513183594,76.7660903930664,79.3174819946289,65.1937026977539,,
D24,false,145,MBP,Unknown,SYBR,Undetermined,0,,No Amp,false,3,39,72.84788513183594,75.21703338623047,65.46707153320312,70.38761138916016,,
E1,false,138,MPZ,Unknown,SYBR,25.33753968941599,0.9411970017391356,2.7691192372446767,Amp,false,3,18,87.96121215820312,,,,,
E2,false,138,MPZ,Unknown,SYBR,25.520897488078745,0.9703581997124245,2.7342882097032764,Amp,false,3,18,87.96121215820312,,,,,
E3,false,138,MPZ,Unknown,SYBR,25.612432176586722,0.9840082993406633,2.7042717100432254,Amp,false,3,16,87.96121215820312,,,,,
E4,false,139,MPZ,Unknown,SYBR,30.493348566329352,0.9918220408540395,2.6759820698806402,Amp,false,3,23,88.05229187011719,,,,,
E5,false,139,MPZ,Unknown,SYBR,29.45581215562403,0.9966317925533165,2.7781246331356937,Amp,false,3,23,88.14140319824219,,,,,
E6,false,139,MPZ,Unknown,SYBR,28.73921930354377,0.7115922235879405,2.5116725680557033,Inconclusive,false,3,23,88.23247528076172,,,,,
E7,false,140,MPZ,Unknown,SYBR,15.91507957313547,0.11268285821540949,2.610727271760497,Inconclusive,false,3,15,88.05033111572266,,,,,
E8,false,140,MPZ,Unknown,SYBR,25.391904854013482,0.7301964968587191,2.7057350379202787,Amp,false,3,19,88.05033111572266,,,,,
E9,false,140,MPZ,Unknown,SYBR,26.8179662212466,0.8848304718350801,2.689421605276238,Amp,false,3,23,88.01512908935547,,,,,
E10,false,141,MPZ,Unknown,SYBR,27.52040938885515,0.994400468896467,2.6731027779264003,Amp,false,3,19,88.10608673095703,,,,,
E11,false,141,MPZ,Unknown,SYBR,27.107673439741077,0.9891971796172937,2.7007736098255024,Amp,false,3,19,88.10608673095703,,,,,
E12,false,141,MPZ,Unknown,SYBR,26.998411778958435,0.9896745707352399,2.7127710074936098,Amp,false,3,19,88.10608673095703,,,,,
E13,false,142,MPZ,Unknown,SYBR,25.240990621410916,0.7927460637973788,2.8211109620045014,Amp,false,3,18,88.11068725585938,,,,,
E14,false,142,MPZ,Unknown,SYBR,Undetermined,0,2.621709913658436,No Amp,false,3,39,88.20166015625,,,,,
E15,false,142,MPZ,Unknown,SYBR,26.244434162263538,0.9303651081548534,2.663202625158534,Amp,false,3,18,88.11068725585938,,,,,
E16,false,143,MPZ,Unknown,SYBR,25.732849360323513,0.8727751790433609,2.667492241211136,Amp,false,3,19,88.01971435546875,,,,,
E17,false,143,MPZ,Unknown,SYBR,25.67180655558783,0.8922566467996862,2.7280480643222775,Amp,false,3,19,88.13735961914062,,,,,
E18,false,143,MPZ,Unknown,SYBR,16.667090974708916,0.0037346321475275348,2.579131901647875,Amp,false,3,13,88.13735961914062,,,,,
E19,false,144,MPZ,Unknown,SYBR,25.672690411769544,0.9104361942640034,2.6557317309795447,Amp,false,3,18,88.04629516601562,,,,,
E20,false,144,MPZ,Unknown,SYBR,25.394882597449957,0.9000121013243869,2.683968509192744,Amp,false,3,17,87.95523834228516,,,,,
E21,false,144,MPZ,Unknown,SYBR,25.716346179539833,0.9469589284043474,2.667778075604467,Amp,false,3,19,87.97399139404297,,,,,
E22,false,145,MPZ,Unknown,SYBR,27.58394171219345,0.9944344172151008,2.7054332010835784,Amp,false,3,20,88.06510925292969,,,,,
E23,false,145,MPZ,Unknown,SYBR,28.737541882438236,0.9820425050092116,2.498854483987205,Amp,false,3,19,88.06510925292969,,,,,
E24,false,145,MPZ,Unknown,SYBR,31.02373009263025,0.9384997024721086,2.2997765157837984,Inconclusive,false,3,24,88.06510925292969,,,,,
F1,false,138,NCAM1,Unknown,SYBR,Undetermined,0,,No Amp,false,3,39,76.8495864868164,91.96867370605469,72.2045669555664,67.01307678222656,,
F2,false,138,NCAM1,Unknown,SYBR,Undetermined,0,,No Amp,false,3,39,91.87760162353516,82.86079406738281,87.59689331054688,68.37925720214844,,
F3,false,138,NCAM1,Unknown,SYBR,Undetermined,0,,No Amp,false,3,39,74.57261657714844,71.65809631347656,66.73983764648438,91.96867370605469,,
F4,false,139,NCAM1,Unknown,SYBR,Undetermined,0,,No Amp,false,3,39,91.42221069335938,69.1078872680664,77.94253540039062,75.21017456054688,,
F5,false,139,NCAM1,Unknown,SYBR,Undetermined,0,1.747548749505219,No Amp,false,3,39,72.47709655761719,84.86282348632812,74.75389099121094,62.823516845703125,,
F6,false,139,NCAM1,Unknown,SYBR,Undetermined,0,,No Amp,false,3,39,72.38603210449219,69.19852447509766,89.50747680664062,87.41282653808594,,
F7,false,140,NCAM1,Unknown,SYBR,Undetermined,0,,No Amp,false,3,39,92.42176818847656,79.3985366821289,93.87890625,81.12889099121094,,
F8,false,140,NCAM1,Unknown,SYBR,Undetermined,0,1.2763911245303514,No Amp,false,3,39,84.22532653808594,66.46637725830078,77.57710266113281,72.02174377441406,,
F9,false,140,NCAM1,Unknown,SYBR,Undetermined,0,,No Amp,false,3,39,63.729286193847656,89.65237426757812,72.09744262695312,80.64751434326172,,
F10,false,141,NCAM1,Unknown,SYBR,Undetermined,0,,No Amp,false,3,39,86.74171447753906,83.10338592529297,80.10176086425781,78.19164276123047,,
F11,false,141,NCAM1,Unknown,SYBR,Undetermined,0,,No Amp,false,3,39,90.0162124633789,86.74171447753906,64.18407440185547,66.91282653808594,,
F12,false,141,NCAM1,Unknown,SYBR,Undetermined,0,,No Amp,false,3,39,94.20028686523438,86.37788391113281,70.46018981933594,64.0931167602539,,
F13,false,142,NCAM1,Unknown,SYBR,Undetermined,0,0.9439272822541366,No Amp,false,3,39,68.82438659667969,73.373046875,77.73975372314453,90.7489013671875,,
F14,false,142,NCAM1,Unknown,SYBR,Undetermined,0,,No Amp,false,3,39,91.0218276977539,83.83495330810547,71.91747283935547,86.92803955078125,,
F15,false,142,NCAM1,Unknown,SYBR,Undetermined,0,,No Amp,false,3,39,63.366004943847656,94.11491394042969,66.73200988769531,77.2848892211914,,
F16,false,143,NCAM1,Unknown,SYBR,Undetermined,0,,No Amp,false,3,39,84.74468231201172,74.55569458007812,86.83706665039062,89.56625366210938,,
F17,false,143,NCAM1,Unknown,SYBR,Undetermined,0,,No Amp,false,3,39,73.6588134765625,91.50657653808594,80.57937622070312,77.66545104980469,,
F18,false,143,NCAM1,Unknown,SYBR,Undetermined,0,,No Amp,false,3,39,69.83428955078125,77.93862915039062,83.6754150390625,86.77145385742188,,
F19,false,144,NCAM1,Unknown,SYBR,Undetermined,0,,No Amp,false,3,39,77.93862915039062,72.56608581542969,80.21513366699219,64.91704559326172,,
F20,false,144,NCAM1,Unknown,SYBR,Undetermined,0,,No Amp,false,3,39,87.40887451171875,84.76813507080078,78.02969360351562,69.47004699707031,,
F21,false,144,NCAM1,Unknown,SYBR,Undetermined,0,,No Amp,false,3,39,90.25202178955078,75.30815124511719,73.3034896850586,78.13290405273438,,
F22,false,145,NCAM1,Unknown,SYBR,Undetermined,0,,No Amp,false,3,39,86.97166442871094,80.6843032836914,89.61417388916016,91.43659973144531,,
F23,false,145,NCAM1,Unknown,SYBR,Undetermined,0,,No Amp,false,3,39,82.96232604980469,93.16789245605469,88.79408264160156,79.3174819946289,,
F24,false,145,NCAM1,Unknown,SYBR,Undetermined,0,,No Amp,false,3,39,89.06744384765625,86.51605224609375,84.14690399169922,79.95532989501953,,
G1,false,138,NGFR,Unknown,SYBR,24.687864836729872,0.8481205789266351,2.7292416582765933,Amp,false,3,18,85.77531433105469,,,,,
G2,false,138,NGFR,Unknown,SYBR,25.10297230477977,0.9228745101898301,2.687780799960621,Amp,false,3,19,85.77531433105469,,,,,
G3,false,138,NGFR,Unknown,SYBR,24.75156565267517,0.8684090864715837,2.693972760562266,Amp,false,3,18,85.68423461914062,,,,,
G4,false,139,NGFR,Unknown,SYBR,27.27595694737944,0.9500613055779912,2.7758775698442677,Amp,false,3,22,85.86639404296875,,,,,
G5,false,139,NGFR,Unknown,SYBR,26.921191409518457,0.9246684231489339,2.7483802869961744,Amp,false,3,19,85.86461639404297,,,,,
G6,false,139,NGFR,Unknown,SYBR,27.111564468210645,0.934626119455178,2.717539918714195,Amp,false,3,20,85.86461639404297,,,,,
G7,false,140,NGFR,Unknown,SYBR,26.28794860089296,0.8991393353421899,2.6776393557255997,Amp,false,3,20,85.86461639404297,,,,,
G8,false,140,NGFR,Unknown,SYBR,26.503729283653293,0.8899350499337632,2.720155733495667,Amp,false,3,21,85.86461639404297,,,,,
G9,false,140,NGFR,Unknown,SYBR,26.316381548786097,0.9078971340981229,2.671250941495515,Amp,false,3,21,85.83213806152344,,,,,
G10,false,141,NGFR,Unknown,SYBR,27.856948050861853,0.9920460400983623,2.684769511029721,Amp,false,3,21,86.01405334472656,,,,,
G11,false,141,NGFR,Unknown,SYBR,27.74692443034285,0.9877363267547126,2.687130547447744,Amp,false,3,22,86.01405334472656,,,,,
G12,false,141,NGFR,Unknown,SYBR,28.247585576900917,0.9893884528083337,2.6277180443527524,Amp,false,3,22,86.01405334472656,,,,,
G13,false,142,NGFR,Unknown,SYBR,24.58889507842577,0.834582532961491,2.671014214517557,Amp,false,3,18,86.01830291748047,,,,,
G14,false,142,NGFR,Unknown,SYBR,24.41831759177586,0.8155762237952019,2.6867398153078335,Amp,false,3,19,85.92733001708984,,,,,
G15,false,142,NGFR,Unknown,SYBR,24.3660758870925,0.8144045984249747,2.6685867531810383,Amp,false,3,18,85.92733001708984,,,,,
G16,false,143,NGFR,Unknown,SYBR,24.498669404235805,0.8217733887681231,2.6833177788534024,Amp,false,3,17,85.92733001708984,,,,,
G17,false,143,NGFR,Unknown,SYBR,24.776476234429225,0.862127970420642,2.654772069130781,Amp,false,3,18,85.95191955566406,,,,,
G18,false,143,NGFR,Unknown,SYBR,24.210006080494885,0.765818965864359,2.672066860141908,Amp,false,3,16,85.86085510253906,,,,,
G19,false,144,NGFR,Unknown,SYBR,25.2210407768387,0.6143377542585925,2.6643405354666223,Amp,false,3,18,85.86085510253906,,,,,
G20,false,144,NGFR,Unknown,SYBR,28.391515877296833,0.9407285982535376,2.2221178182804247,Amp,false,3,18,85.86085510253906,,,,,
G21,false,144,NGFR,Unknown,SYBR,26.023711089411236,0.9559879308493682,2.6077952178818133,Amp,false,3,15,85.7870864868164,,,,,
G22,false,145,NGFR,Unknown,SYBR,38,0.5486740286280278,2.2036542817202442,Inconclusive,false,3,30,77.85954284667969,83.2356948852539,88.97632598876953,,,
G23,false,145,NGFR,Unknown,SYBR,35.51640538083551,0.9237225148494691,2.456960172044907,Amp,false,3,28,81.59551239013672,,,,,
G24,false,145,NGFR,Unknown,SYBR,Undetermined,0,,No Amp,false,3,39,80.04645538330078,90.79875183105469,81.95999908447266,85.05811309814453,,
H1,false,138,S100B,Unknown,SYBR,29.18955161839223,0.9757575618115623,2.6816491243214835,Amp,false,3,20,81.67677307128906,,,,,
H2,false,138,S100B,Unknown,SYBR,28.973277260532136,0.9647142538376383,2.659797443066097,Amp,false,3,22,81.585693359375,,,,,
H3,false,138,S100B,Unknown,SYBR,29.00332435920327,0.9857893633326906,2.63471973054788,Amp,false,3,20,81.585693359375,,,,,
H4,false,139,S100B,Unknown,SYBR,26.654038905508635,0.9950012858983369,2.6991241648572415,Amp,false,3,18,81.585693359375,,,,,
H5,false,139,S100B,Unknown,SYBR,26.58980334914167,0.9950800720811527,2.703007358810943,Amp,false,3,19,81.67532348632812,,,,,
H6,false,139,S100B,Unknown,SYBR,26.403734606512558,0.9940344873584481,2.702194467765272,Amp,false,3,15,81.67532348632812,,,,,
H7,false,140,S100B,Unknown,SYBR,27.636434461923898,0.9945890244194219,2.7018969585086903,Amp,false,3,17,81.67532348632812,,,,,
H8,false,140,S100B,Unknown,SYBR,28.0012553368352,0.9910171001076693,2.6501227948720687,Amp,false,3,19,81.67532348632812,,,,,
H9,false,140,S100B,Unknown,SYBR,28.19574849381398,0.991327770520905,2.669840180370673,Amp,false,3,20,81.64805603027344,,,,,
H10,false,141,S100B,Unknown,SYBR,31.87165489443533,0.9807080849820318,2.6149145853331475,Amp,false,3,22,81.92092895507812,,,,,
H11,false,141,S100B,Unknown,SYBR,30.47340981509165,0.9472271581813961,2.555818154939748,Amp,false,3,22,81.92092895507812,,,,,
H12,false,141,S100B,Unknown,SYBR,31.435245104282096,0.975199370206224,2.6482034542030966,Amp,false,3,23,82.01188659667969,,,,,
H13,false,142,S100B,Unknown,SYBR,26.268355147471958,0.9738988964857018,2.654768742048617,Amp,false,3,19,81.83354187011719,,,,,
H14,false,142,S100B,Unknown,SYBR,26.157598360337538,0.9958054379374066,2.6427919972574783,Amp,false,3,18,81.83354187011719,,,,,
H15,false,142,S100B,Unknown,SYBR,25.99537887499109,0.9922089362277843,2.646095211835235,Amp,false,3,17,81.74256896972656,,,,,
H16,false,143,S100B,Unknown,SYBR,25.0577795714649,0.9897714818926593,2.6968887215427073,Amp,false,3,18,81.74256896972656,,,,,
H17,false,143,S100B,Unknown,SYBR,25.201706635930933,0.9937630432455005,2.6378138901514783,Amp,false,3,15,81.76315307617188,,,,,
H18,false,143,S100B,Unknown,SYBR,20.358621275763205,0.13560215537682863,2.588602553376154,Amp,false,3,14,81.76315307617188,,,,,
H19,false,144,S100B,Unknown,SYBR,23.66651809864471,0.9139188018370347,2.6187180821829505,Amp,false,3,18,81.58103942871094,,,,,
H20,false,144,S100B,Unknown,SYBR,23.748719437672975,0.8891572437194393,2.6216017959514244,Amp,false,3,19,81.58103942871094,,,,,
H21,false,144,S100B,Unknown,SYBR,23.7040087721185,0.9290409156029569,2.6144249946535396,Amp,false,3,15,81.50439453125,,,,,
H22,false,145,S100B,Unknown,SYBR,27.832601638207016,0.9553612583663849,2.633202675911056,Amp,false,3,21,81.68663024902344,,,,,
H23,false,145,S100B,Unknown,SYBR,27.936744944056144,0.9798106634396127,2.6101174170752843,Amp,false,3,19,81.68663024902344,,,,,
H24,false,145,S100B,Unknown,SYBR,26.941420822662828,0.9721501229574975,2.734088940944448,Amp,false,3,20,81.68663024902344,,,,,
I1,false,138,SOX10-1,Unknown,SYBR,25.540876689431137,0.793726624797637,2.664245164658985,Amp,false,3,19,87.1415023803711,,,,,
I2,false,138,SOX10-1,Unknown,SYBR,25.53523150693561,0.818104803460902,2.641311038739888,Amp,false,3,19,87.1415023803711,,,,,
I3,false,138,SOX10-1,Unknown,SYBR,25.72878378728003,0.845396191673618,2.595083987534369,Amp,false,3,16,87.1415023803711,,,,,
I4,false,139,SOX10-1,Unknown,SYBR,29.220266879732044,0.9941351886403399,2.7047989366250635,Amp,false,3,23,87.32365417480469,80.2195053100586,,,,
I5,false,139,SOX10-1,Unknown,SYBR,28.893811750332816,0.995375529109727,2.6970314400222564,Amp,false,3,21,87.32176208496094,,,,,
I6,false,139,SOX10-1,Unknown,SYBR,29.519107680276363,0.9948391243558782,2.6859710339389813,Amp,false,3,22,87.32176208496094,,,,,
I7,false,140,SOX10-1,Unknown,SYBR,26.247787604796564,0.7999130008086528,2.6840179769434926,Amp,false,3,18,87.2306900024414,,,,,
I8,false,140,SOX10-1,Unknown,SYBR,26.43520664429731,0.8456224835880309,2.6721828564333885,Amp,false,3,17,87.32176208496094,,,,,
I9,false,140,SOX10-1,Unknown,SYBR,26.37857604111118,0.8403266092845803,2.6660467219255133,Amp,false,3,18,87.28746795654297,,,,,
I10,false,141,SOX10-1,Unknown,SYBR,27.381575990589567,0.877925044946968,2.6011158748667667,Amp,false,3,20,87.37842559814453,,,,,
I11,false,141,SOX10-1,Unknown,SYBR,27.94484901146619,0.98662847793003,2.6056379643240843,Amp,false,3,19,87.37842559814453,,,,,
I12,false,141,SOX10-1,Unknown,SYBR,27.20844984355046,0.9027334206926734,2.662242782624017,Amp,false,3,18,87.37842559814453,,,,,
I13,false,142,SOX10-1,Unknown,SYBR,25.59618239090055,0.8263569501124512,2.6399288770963554,Amp,false,3,16,87.38290405273438,,,,,
I14,false,142,SOX10-1,Unknown,SYBR,25.806835506297062,0.811434884452648,2.6745590798816474,Amp,false,3,16,87.38290405273438,,,,,
I15,false,142,SOX10-1,Unknown,SYBR,25.773963163119703,0.8169216744387012,2.625997616868772,Amp,false,3,15,87.38290405273438,,,,,
I16,false,143,SOX10-1,Unknown,SYBR,25.356895593331593,0.7714355454329375,2.6490312352465164,Amp,false,3,17,87.38290405273438,,,,,
I17,false,143,SOX10-1,Unknown,SYBR,25.87623548742077,0.844035568189047,2.6021810214207637,Amp,false,3,17,87.31781768798828,,,,,
I18,false,143,SOX10-1,Unknown,SYBR,25.444967274369667,0.8050475569710112,2.6342489106218445,Amp,false,3,18,87.22676086425781,,,,,
I19,false,144,SOX10-1,Unknown,SYBR,26.16309837976845,0.9252613147391221,2.584410340482013,Amp,false,3,19,87.31781768798828,,,,,
I20,false,144,SOX10-1,Unknown,SYBR,25.835885834318688,0.8356017401812682,2.6032399774624366,Amp,false,3,18,87.22676086425781,,,,,
I21,false,144,SOX10-1,Unknown,SYBR,25.841096775248516,0.841652553816794,2.6148841631591977,Amp,false,3,17,87.15390014648438,,,,,
I22,false,145,SOX10-1,Unknown,SYBR,28.466063703767368,0.9886570883799076,2.636838724293898,Amp,false,3,20,87.33614349365234,,,,,
I23,false,145,SOX10-1,Unknown,SYBR,27.939177085460692,0.980655133012026,2.6579839761861686,Amp,false,3,19,87.24502563476562,,,,,
I24,false,145,SOX10-1,Unknown,SYBR,28.034009779104494,0.9909084388031182,2.653730919943848,Amp,false,3,20,87.24502563476562,,,,,
J1,false,138,SOX10-2,Unknown,SYBR,25.114136694935482,0.9767017379319743,2.7754502078895675,Amp,false,3,17,75.75664520263672,87.50581359863281,,,,
J2,false,138,SOX10-2,Unknown,SYBR,25.03883284205031,0.9942058101878559,2.7468654403361557,Amp,false,3,17,75.75664520263672,,,,,
J3,false,138,SOX10-2,Unknown,SYBR,26.37419380816653,0.9845508133631904,2.5447934022991032,Amp,false,3,20,75.75664520263672,,,,,
J4,false,139,SOX10-2,Unknown,SYBR,24.89507978890601,0.996044851019742,2.812878565325999,Amp,false,3,16,75.84771728515625,,,,,
J5,false,139,SOX10-2,Unknown,SYBR,25.824576211244732,0.9960794253978307,2.814653692573089,Amp,false,3,17,75.84674835205078,,,,,
J6,false,139,SOX10-2,Unknown,SYBR,27.24418628921253,0.9872208739995577,2.8036103109526334,Amp,false,3,21,75.93782043457031,,,,,
J7,false,140,SOX10-2,Unknown,SYBR,22.778401741798532,0.5670142139454896,2.7667721209042857,Amp,false,3,15,75.84674835205078,,,,,
J8,false,140,SOX10-2,Unknown,SYBR,25.59678807207637,0.9937006774479321,2.8093234004659053,Amp,false,3,19,75.93782043457031,,,,,
J9,false,140,SOX10-2,Unknown,SYBR,25.871379770788764,0.9677220273981412,2.780203478411417,Amp,false,3,17,75.82672882080078,87.4693832397461,,,,
J10,false,141,SOX10-2,Unknown,SYBR,24.92564672705963,0.9963566659954682,2.772592283597869,Amp,false,3,17,76.0086441040039,,,,,
J11,false,141,SOX10-2,Unknown,SYBR,27.082137602523893,0.9928619193130775,2.75769680171974,Amp,false,3,19,75.91768646240234,87.56034088134766,65.09365844726562,,,
J12,false,141,SOX10-2,Unknown,SYBR,25.194617597916782,0.9962083698393722,2.7609724455002858,Amp,false,3,19,75.91768646240234,,,,,
J13,false,142,SOX10-2,Unknown,SYBR,25.64616435520977,0.9948431437459858,2.7400426551107278,Amp,false,3,20,76.10223388671875,,,,,
J14,false,142,SOX10-2,Unknown,SYBR,24.961142767003466,0.9966520693732108,2.741629901776714,Amp,false,3,18,76.10223388671875,,,,,
J15,false,142,SOX10-2,Unknown,SYBR,25.961046831126694,0.9196365703667243,2.7443335589534383,Amp,false,3,17,76.01126098632812,87.65582275390625,65.09449005126953,,,
J16,false,143,SOX10-2,Unknown,SYBR,20.139779894734534,0.08660392895938894,2.6806544144574467,Amp,false,3,19,76.10223388671875,,,,,
J17,false,143,SOX10-2,Unknown,SYBR,24.911079492005157,0.9945879745912777,2.708756903776864,Amp,false,3,17,76.0263671875,,,,,
J18,false,143,SOX10-2,Unknown,SYBR,25.611708355103154,0.9926953661455863,2.7252818350890196,Amp,false,3,17,75.93531036376953,,,,,
J19,false,144,SOX10-2,Unknown,SYBR,25.78597924903798,0.9968060386214815,2.6871060809822596,Amp,false,3,19,76.0263671875,,,,,
J20,false,144,SOX10-2,Unknown,SYBR,26.04372533391041,0.8442278991707187,2.7133767383275393,Amp,false,3,18,75.84425354003906,87.40887451171875,65.00810241699219,,,
J21,false,144,SOX10-2,Unknown,SYBR,25.77146561328299,0.952748340542568,2.717370667601443,Amp,false,3,19,75.76376342773438,87.42726135253906,,,,
J22,false,145,SOX10-2,Unknown,SYBR,26.39326679237719,0.9941807578622517,2.777801912884416,Amp,false,3,18,75.94599914550781,,,,,
J23,false,145,SOX10-2,Unknown,SYBR,26.215188323224325,0.9910201910199051,2.774303907895701,Amp,false,3,18,75.94599914550781,,,,,
J24,false,145,SOX10-2,Unknown,SYBR,24.67368455460248,0.9948287970797598,2.8593136855570425,Amp,false,3,18,75.8548812866211,,,,,
K1,false,138,GAPDH,Unknown,SYBR,21.94355650830179,0.8691672044085567,2.5740062460985156,Amp,false,3,14,83.7715835571289,,,,,
K2,false,138,GAPDH,Unknown,SYBR,22.013138667400803,0.9456870919001986,2.538573249749361,Amp,false,3,12,83.49834442138672,,,,,
K3,false,138,GAPDH,Unknown,SYBR,26.16781595813873,0.7985270555577787,2.2001351251202053,Inconclusive,false,3,15,83.68050384521484,,,,,
K4,false,139,GAPDH,Unknown,SYBR,24.335216544625084,0.9211793701778145,2.582725410542327,Amp,false,3,16,84.04481506347656,,,,,
K5,false,139,GAPDH,Unknown,SYBR,24.26530351128369,0.9181386447540927,2.5897289011704454,Amp,false,3,15,84.1342544555664,,,,,
K6,false,139,GAPDH,Unknown,SYBR,24.270922697799058,0.9159648935150354,2.57099969894316,Amp,false,3,16,84.1342544555664,,,,,
K7,false,140,GAPDH,Unknown,SYBR,19.965010498121842,0.7071091174932927,2.5413853103268504,Amp,false,3,11,84.31639862060547,,,,,
K8,false,140,GAPDH,Unknown,SYBR,20.160120562004835,0.7109604829103754,2.542557367500856,Amp,false,3,12,84.407470703125,,,,,
K9,false,140,GAPDH,Unknown,SYBR,19.338404152432695,0.6321216756203653,2.5636562383877615,Amp,false,3,10,84.37680053710938,,,,,
K10,false,141,GAPDH,Unknown,SYBR,18.19379028972822,0.6380598221344574,2.540659220828277,Amp,false,3,10,84.46775817871094,,,,,
K11,false,141,GAPDH,Unknown,SYBR,18.108043329055434,0.6322587467406631,2.532630246609463,Amp,false,3,11,84.5587158203125,,,,,
K12,false,141,GAPDH,Unknown,SYBR,18.372990490407886,0.634924235222745,2.5475850572493495,Amp,false,3,12,84.5587158203125,,,,,
K13,false,142,GAPDH,Unknown,SYBR,21.318128357140914,0.8168247160354337,2.54722931338635,Amp,false,3,12,84.38079071044922,,,,,
K14,false,142,GAPDH,Unknown,SYBR,21.170213207005574,0.8115019226217286,2.5490023144001333,Amp,false,3,11,84.2898178100586,,,,,
K15,false,142,GAPDH,Unknown,SYBR,21.068036436209425,0.799826440789083,2.562575422221891,Amp,false,3,10,84.2898178100586,,,,,
K16,false,143,GAPDH,Unknown,SYBR,21.28136869397055,0.7973261212652915,2.5278827986576826,Amp,false,3,16,84.2898178100586,,,,,
K17,false,143,GAPDH,Unknown,SYBR,15.65205425523953,0.14642227813490452,2.486137570009338,Amp,false,3,11,84.31283569335938,,,,,
K18,false,143,GAPDH,Unknown,SYBR,18.729160029686795,0.4983419613103463,2.5047768668777297,Amp,false,3,10,84.2217788696289,,,,,
K19,false,144,GAPDH,Unknown,SYBR,21.78838316094032,0.8450464182299833,2.5250918448672097,Amp,false,3,15,84.1307144165039,,,,,
K20,false,144,GAPDH,Unknown,SYBR,21.24085305332001,0.8300414537006163,2.531727755277441,Amp,false,3,12,84.1307144165039,,,,,
K21,false,144,GAPDH,Unknown,SYBR,21.273773329241557,0.8457759485281051,2.540668364699837,Amp,false,3,12,84.0557861328125,,,,,
K22,false,145,GAPDH,Unknown,SYBR,25.5470720661433,0.9699686182041594,2.591077210230679,Amp,false,3,16,82.87120819091797,,,,,
K23,false,145,GAPDH,Unknown,SYBR,25.348150890302577,0.9916624571969637,2.5939389443272884,Amp,false,3,19,83.60017395019531,,,,,
K24,false,145,GAPDH,Unknown,SYBR,25.336982980632108,0.9884040724328256,2.609959021314378,Amp,false,3,18,82.96232604980469,,,,,
L1,false,138,NF2,Unknown,SYBR,21.138087150407237,0.6755158035451058,2.5891954733185845,Amp,false,3,14,81.95000457763672,,,,,
L2,false,138,NF2,Unknown,SYBR,21.38613279726261,0.6801918084572761,2.578721276987569,Amp,false,3,16,82.04108428955078,,,,,
L3,false,138,NF2,Unknown,SYBR,21.001080275478543,0.6420145205501395,2.6436429544499753,Amp,false,3,13,82.13216400146484,,,,,
L4,false,139,NF2,Unknown,SYBR,22.89459916836536,0.794182100673816,2.6397917514256037,Amp,false,3,15,82.04108428955078,,,,,
L5,false,139,NF2,Unknown,SYBR,21.309997621608268,0.4296916880369047,2.608047472061758,Amp,false,3,17,82.13068389892578,,,,,
L6,false,139,NF2,Unknown,SYBR,23.588919941912366,0.9028080207909379,2.3652908404773485,Amp,false,3,16,82.40390014648438,,,,,
L7,false,140,NF2,Unknown,SYBR,20.070407373333516,0.6242491339442691,2.6304740571790917,Amp,false,3,14,82.13068389892578,,,,,
L8,false,140,NF2,Unknown,SYBR,20.199684193103636,0.6384838577768726,2.6439066363598647,Amp,false,3,12,82.13068389892578,,,,,
L9,false,140,NF2,Unknown,SYBR,20.21796109661132,0.6479568446540235,2.6565253508607083,Amp,false,3,12,82.19380187988281,,,,,
L10,false,141,NF2,Unknown,SYBR,20.462207083412153,0.6700023232877401,2.6167685270648056,Amp,false,3,15,82.28475952148438,,,,,
L11,false,141,NF2,Unknown,SYBR,20.231582929674815,0.6575032962129745,2.6664405883423687,Amp,false,3,12,82.19380187988281,,,,,
L12,false,141,NF2,Unknown,SYBR,20.001395898292905,0.6178721032927419,2.650877263514718,Amp,false,3,13,82.28475952148438,,,,,
L13,false,142,NF2,Unknown,SYBR,20.75117519442658,0.6810227850469281,2.614930154560456,Amp,false,3,14,82.28840637207031,,,,,
L14,false,142,NF2,Unknown,SYBR,19.697282910964752,0.4534100140549433,2.6345530932231034,Amp,false,3,16,82.28840637207031,,,,,
L15,false,142,NF2,Unknown,SYBR,20.672428760374373,0.6810491173326394,2.6313049211076645,Amp,false,3,14,82.28840637207031,,,,,
L16,false,143,NF2,Unknown,SYBR,20.683187442910324,0.6632884757190292,2.602675506707464,Amp,false,3,11,82.28840637207031,,,,,
L17,false,143,NF2,Unknown,SYBR,18.874133162653095,0.6449684941479933,2.1210398997527165,Inconclusive,false,3,10,82.58269500732422,,,,,
L18,false,143,NF2,Unknown,SYBR,16.106307527067532,0.06516999450977654,2.5936026422729306,Amp,false,3,12,82.21845245361328,,,,,
L19,false,144,NF2,Unknown,SYBR,21.39799926476126,0.4503837148052746,2.7857045842951362,Amp,false,3,18,82.12739562988281,,,,,
L20,false,144,NF2,Unknown,SYBR,21.009359189781065,0.7274425271813053,2.6015838663732276,Amp,false,3,14,82.12739562988281,,,,,
L21,false,144,NF2,Unknown,SYBR,21.068552851610875,0.7212652641610401,2.5866538112771003,Amp,false,3,14,82.05111694335938,,,,,
L22,false,145,NF2,Unknown,SYBR,25.47314081229721,0.8693379122159968,2.621135925815615,Amp,false,3,19,82.23336029052734,,,,,
L23,false,145,NF2,Unknown,SYBR,25.254867206684693,0.908333451722957,2.6210903949793147,Amp,false,3,21,82.23336029052734,,,,,
L24,false,145,NF2,Unknown,SYBR,25.279960873176258,0.9103546124351652,2.6361212743384668,Amp,false,3,19,82.23336029052734,,,,,
N1,false,146,DHH,Unknown,SYBR,Undetermined,0,,No Amp,false,3,39,84.50021362304688,86.68610382080078,90.2381820678711,88.50768280029297,,
N2,false,146,DHH,Unknown,SYBR,Undetermined,0,,No Amp,false,3,39,62.276973724365234,81.585693359375,92.87947082519531,84.50021362304688,,
N3,false,146,DHH,Unknown,SYBR,Undetermined,0,,No Amp,false,3,39,89.69171142578125,85.13776397705078,92.87947082519531,62.459129333496094,,
N4,false,147,DHH,Unknown,SYBR,Undetermined,0,,No Amp,false,3,39,80.31058502197266,84.86453247070312,90.60249328613281,82.13216400146484,,
N5,false,147,DHH,Unknown,SYBR,Undetermined,0,1.490182803125619,No Amp,false,3,39,86.86640167236328,80.9467544555664,62.368160247802734,84.1342544555664,,
N6,false,147,DHH,Unknown,SYBR,Undetermined,0,1.601735300186087,No Amp,false,3,39,81.12889099121094,63.36994552612305,86.95747375488281,69.47174072265625,,
N7,false,146,MBP,Unknown,SYBR,Undetermined,0,,No Amp,false,3,39,62.09494400024414,66.46637725830078,76.93960571289062,71.839599609375,,
N8,false,146,MBP,Unknown,SYBR,Undetermined,0,,No Amp,false,3,39,89.1431884765625,80.58246612548828,86.68425750732422,62.09494400024414,,
N9,false,146,MBP,Unknown,SYBR,Undetermined,0,,No Amp,false,3,39,92.74495697021484,61.546287536621094,67.91336059570312,82.19380187988281,,
N10,false,147,MBP,Unknown,SYBR,Undetermined,0,1.4822771234555774,No Amp,false,3,39,85.923095703125,65.7303695678711,80.1927261352539,76.91822814941406,,
N11,false,147,MBP,Unknown,SYBR,Undetermined,0,1.4557182234181616,No Amp,false,3,39,91.01675415039062,77.10014343261719,66.09420013427734,93.56358337402344,,
N12,false,147,MBP,Unknown,SYBR,Undetermined,0,,No Amp,false,3,39,80.64751434326172,65.82132720947266,73.91661071777344,91.65345764160156,,
N13,false,146,NGFR,Unknown,SYBR,34.297427079465734,0.9748539104241526,2.567586756850817,Amp,false,3,27,81.92451477050781,,,,,
N14,false,146,NGFR,Unknown,SYBR,31.61193847386685,0.9908859952231398,2.7203587066185375,Amp,false,3,25,86.29122924804688,,,,,
N15,false,146,NGFR,Unknown,SYBR,34.33197646268886,0.9610983784137695,2.525673171711031,Amp,false,3,28,83.38008117675781,81.01478576660156,,,,
N16,false,147,NGFR,Unknown,SYBR,32.43846548513696,0.9860408910638321,2.726701983568425,Amp,false,3,26,86.20025634765625,,,,,
N17,false,147,NGFR,Unknown,SYBR,35.197119765029726,0.9775812172181979,2.556127076409266,Amp,false,3,27,81.85421752929688,,,,,
N18,false,147,NGFR,Unknown,SYBR,33.623489796475525,0.9758409838292773,2.6298974721815562,Amp,false,3,25,80.12407684326172,,,,,
N19,false,146,SOX10-2,Unknown,SYBR,24.985023073868724,0.9717720452663916,2.6800316187819226,Amp,false,3,19,76.117431640625,,,,,
N20,false,146,SOX10-2,Unknown,SYBR,25.460219398689894,0.9950911108139384,2.7486511280876447,Amp,false,3,18,76.117431640625,,,,,
N21,false,146,SOX10-2,Unknown,SYBR,26.146601077560526,0.995315579324179,2.7184164424459727,Amp,false,3,17,76.03712463378906,,,,,
N22,false,147,SOX10-2,Unknown,SYBR,25.872400227240327,0.9942181916646274,2.7365672094658087,Amp,false,3,18,75.8548812866211,87.51838684082031,,,,
N23,false,147,SOX10-2,Unknown,SYBR,25.566278685996252,0.989212795610015,2.7635175890610064,Amp,false,3,20,75.94599914550781,,,,,
N24,false,147,SOX10-2,Unknown,SYBR,25.98426302886091,0.9943097509124695,2.735460954083095,Amp,false,3,19,75.8548812866211,87.51838684082031,,,,
O1,false,146,EGR2,Unknown,SYBR,Undetermined,0,,No Amp,false,3,39,75.48340606689453,90.69357299804688,67.28630828857422,93.69917297363281,,
O2,false,146,EGR2,Unknown,SYBR,Undetermined,0,,No Amp,false,3,39,73.66182708740234,91.7865219116211,88.78092193603516,75.66556549072266,,
O3,false,146,EGR2,Unknown,SYBR,Undetermined,0,,No Amp,false,3,39,77.57821655273438,89.9649429321289,66.9219970703125,92.24191284179688,,
O4,false,147,EGR2,Unknown,SYBR,Undetermined,0,,No Amp,false,3,39,85.77531433105469,80.037353515625,70.0186767578125,82.04108428955078,,
O5,false,147,EGR2,Unknown,SYBR,Undetermined,0,1.4131715577052768,No Amp,false,3,39,86.04676055908203,89.23426055908203,72.1128158569336,69.47174072265625,,
O6,false,147,EGR2,Unknown,SYBR,Undetermined,0,1.526471652976369,No Amp,false,3,39,79.21639251708984,81.31103515625,72.65924072265625,61.366371154785156,,
O7,false,146,MPZ,Unknown,SYBR,26.273666036614735,0.8553726866073311,2.7843559701711365,Amp,false,3,21,88.14140319824219,,,,,
O8,false,146,MPZ,Unknown,SYBR,26.378769516272946,0.8916428659850533,2.771540207272429,Amp,false,3,20,88.14140319824219,,,,,
O9,false,146,MPZ,Unknown,SYBR,26.538303305756187,0.8925388276827582,2.7652646887109174,Amp,false,3,20,88.19705200195312,,,,,
O10,false,147,MPZ,Unknown,SYBR,26.29455753044848,0.8973304034217796,2.801936961936904,Amp,false,3,20,88.10608673095703,,,,,
O11,false,147,MPZ,Unknown,SYBR,26.26453618453685,0.914244070793581,2.803387886568943,Amp,false,3,19,88.10608673095703,,,,,
O12,false,147,MPZ,Unknown,SYBR,26.237549864631525,0.9353393879324355,2.7944648972784076,Amp,false,3,18,88.19705200195312,,,,,
O13,false,146,S100B,Unknown,SYBR,35.502561398437834,0.9849466479561558,2.634093146321688,Amp,false,3,28,82.56132507324219,80.01408386230469,,,,
O14,false,146,S100B,Unknown,SYBR,36.3069519716032,0.9798641446980888,2.522330932025605,Inconclusive,false,3,30,82.47035217285156,,,,,
O15,false,146,S100B,Unknown,SYBR,36.92414867607387,0.9572250527576759,2.496609824644247,Inconclusive,false,3,31,82.47035217285156,,,,,
O16,false,147,S100B,Unknown,SYBR,34.42300491698367,0.9920893978404105,2.6814661083916222,Amp,false,3,28,82.37937927246094,,,,,
O17,false,147,S100B,Unknown,SYBR,34.70786036351326,0.9903910425538036,2.655373416327398,Amp,false,3,27,82.49163818359375,,,,,
O18,false,147,S100B,Unknown,SYBR,37.186265058493575,0.9604940340065888,2.4468322566508505,Inconclusive,false,3,29,82.49163818359375,87.31781768798828,,,,
O19,false,146,GAPDH,Unknown,SYBR,23.203689294206313,0.9026111407931,2.5961617387282514,Amp,false,3,14,84.03965759277344,,,,,
O20,false,146,GAPDH,Unknown,SYBR,23.341205405838153,0.9394212500766895,2.5432096709250973,Amp,false,3,13,83.94859313964844,,,,,
O21,false,146,GAPDH,Unknown,SYBR,23.401991320895824,0.9365315976917942,2.5514103991644297,Amp,false,3,18,83.96466064453125,,,,,
O22,false,147,GAPDH,Unknown,SYBR,23.986353654760208,0.9837227086026701,2.553826445803949,Amp,false,3,18,83.78241729736328,,,,,
O23,false,147,GAPDH,Unknown,SYBR,23.425713849701822,0.9867455187152463,2.605737606892163,Amp,false,3,14,83.87354278564453,,,,,
O24,false,147,GAPDH,Unknown,SYBR,23.544534259400024,0.9862899953285313,2.5982369975844772,Amp,false,3,17,83.87354278564453,,,,,
P1,false,146,GAP43,Unknown,SYBR,24.782489362140694,0.9653524272669569,2.6581670196644946,Amp,false,3,17,83.9537353515625,,,,,
P2,false,146,GAP43,Unknown,SYBR,24.948986328063754,0.958331346361745,2.6547604573925248,Amp,false,3,16,83.9537353515625,,,,,
P3,false,146,GAP43,Unknown,SYBR,24.69074711862885,0.8969298107024656,2.6895837844062345,Amp,false,3,17,83.9537353515625,,,,,
P4,false,147,GAP43,Unknown,SYBR,24.230860777345484,0.9081342821458048,2.751726416631596,Amp,false,3,16,83.86266326904297,,,,,
P5,false,147,GAP43,Unknown,SYBR,24.439500744655817,0.9031000120140484,2.7378084490604917,Amp,false,3,19,83.95211029052734,,,,,
P6,false,147,GAP43,Unknown,SYBR,24.271231777754295,0.9099632031673358,2.7514337324313223,Amp,false,3,18,83.95211029052734,,,,,
P7,false,146,NCAM1,Unknown,SYBR,Undetermined,0,,No Amp,false,3,39,86.68425750732422,92.51283264160156,81.49317932128906,70.65567016601562,,
P8,false,146,NCAM1,Unknown,SYBR,Undetermined,0,,No Amp,false,3,39,82.58604431152344,65.5556640625,77.94139099121094,90.60033416748047,,
P9,false,146,NCAM1,Unknown,SYBR,Undetermined,0,,No Amp,false,3,39,91.19866943359375,79.37409973144531,82.5576400756836,76.8272705078125,,
P10,false,147,NCAM1,Unknown,SYBR,Undetermined,0,,No Amp,false,3,39,83.74009704589844,65.00270080566406,87.65129852294922,61.273414611816406,,
P11,false,147,NCAM1,Unknown,SYBR,Undetermined,0,,No Amp,false,3,39,82.01188659667969,86.28692626953125,77.91876983642578,84.19488525390625,,
P12,false,147,NCAM1,Unknown,SYBR,Undetermined,0,,No Amp,false,3,39,81.64805603027344,65.7303695678711,91.10771179199219,84.28584289550781,,
P13,false,146,SOX10-1,Unknown,SYBR,26.13029685007124,0.8203182714544783,2.669512350683343,Amp,false,3,19,87.56484985351562,,,,,
P14,false,146,SOX10-1,Unknown,SYBR,26.199955183906035,0.8423392375953014,2.67152668425644,Amp,false,3,20,87.56484985351562,,,,,
P15,false,146,SOX10-1,Unknown,SYBR,26.338225497363233,0.8224344757381071,2.6580503333487178,Amp,false,3,19,87.56484985351562,,,,,
P16,false,147,SOX10-1,Unknown,SYBR,26.119278621670937,0.8128791065679002,2.6799269715094556,Amp,false,3,16,87.56484985351562,,,,,
P17,false,147,SOX10-1,Unknown,SYBR,26.236692713546063,0.8236867450526556,2.690265312371186,Amp,false,3,19,87.49993896484375,,,,,
P18,false,147,SOX10-1,Unknown,SYBR,26.08447944844952,0.8519121964730211,2.709348795323376,Amp,false,3,19,87.49993896484375,,,,,
P19,false,146,NF2,Unknown,SYBR,21.746296662311195,0.732735546492451,2.5930368598750095,Amp,false,3,16,82.40057373046875,,,,,
P20,false,146,NF2,Unknown,SYBR,21.533857252125117,0.6935961400053519,2.601697685285632,Amp,false,3,15,82.30951690673828,,,,,
P21,false,146,NF2,Unknown,SYBR,21.432128779032666,0.7017707671413107,2.608455234883094,Amp,false,3,12,82.23336029052734,,,,,
P22,false,147,NF2,Unknown,SYBR,22.319025877571526,0.741550004782012,2.642309520022631,Amp,false,3,15,82.23336029052734,,,,,
P23,false,147,NF2,Unknown,SYBR,22.511396736953856,0.770493717292876,2.6156564491030707,Amp,false,3,18,82.32447814941406,,,,,
P24,false,147,NF2,Unknown,SYBR,22.633135399055448,0.8051788618762663,2.6148453797012663,Amp,false,3,16,82.32447814941406,,,,,